size,repetitions,warmups_discarded,elapsed_mean_seconds,elapsed_stdev_seconds,elapsed_ci95_seconds,gflops_mean,gflops_stdev,gflops_ci95
512,30,5,0.010609,0.003744,0.001398,28.595,10.470,3.910
1024,30,5,0.081517,0.036624,0.013675,32.082,15.385,5.745
2048,30,5,0.188236,0.036622,0.013675,94.367,16.923,6.319
