size,repetitions,warmups_discarded,elapsed_mean_seconds,elapsed_stdev_seconds,elapsed_ci95_seconds,gflops_mean,gflops_stdev,gflops_ci95
512,30,5,0.001895,0.000512,0.000191,150.768,36.307,13.557
1024,30,5,0.006228,0.000835,0.000312,350.665,45.840,17.117
2048,30,5,0.046165,0.002486,0.000928,373.168,19.745,7.373
