size,repetition,elapsed_seconds,estimated_gflops,checksum
512,1,0.004430,60.594,137.802368
512,2,0.002401,111.815,137.802368
512,3,0.002574,104.271,137.802368
1024,1,0.010816,198.543,255.766907
1024,2,0.009483,226.456,255.766907
1024,3,0.008174,262.731,255.766907
2048,1,0.054394,315.842,512.049683
2048,2,0.056541,303.846,512.049683
2048,3,0.057140,300.662,512.049683
